PerfUser001,User for perf,INTERNAL,Pavel,Krupov,jwzZe3Fb6y
PerfUser002,User for perf,INTERNAL,John,Pavlov,QXxjPIDsQO
PerfUser003,User for perf,INTERNAL,John,Krupov,nhLFIo8SK6
PerfUser004,User for perf,INTERNAL,John,Krupov,azlHgk7cee
PerfUser005,User for perf,INTERNAL,Pavel,Krupov,lymBKLIWCc
PerfUser006,User for perf,INTERNAL,John,Pavlov,FsNfFcfBvv
PerfUser007,User for perf,INTERNAL,John,Krupov,fgZhJuY24X
PerfUser008,User for perf,INTERNAL,John,Krupov,y6iVGkm96W
PerfUser009,User for perf,INTERNAL,Pavel,Krupov,aau8V8KL86
PerfUser010,User for perf,INTERNAL,John,Krupov,k7NkPrgywE
PerfUser011,User for perf,INTERNAL,John,Krupov,TEQt0sZOrq
PerfUser012,User for perf,INTERNAL,Pavel,Pavlov,Ns24tiVs3k
PerfUser013,User for perf,INTERNAL,John,Krupov,BBKwvy59HF
PerfUser014,User for perf,INTERNAL,Pavel,Pavlov,2gRjZy5rXs
PerfUser015,User for perf,INTERNAL,John,Krupov,vnStjjCMe3
PerfUser016,User for perf,INTERNAL,Pavel,Krupov,RQpdaqqSsF
PerfUser017,User for perf,INTERNAL,John,Krupov,BddYDQjS3M
PerfUser018,User for perf,INTERNAL,John,Krupov,2tIb8MfMgC
PerfUser019,User for perf,INTERNAL,Pavel,Krupov,E7C4GnQsG6
PerfUser020,User for perf,INTERNAL,Pavel,Krupov,3dgJyeFXFT
PerfUser021,User for perf,INTERNAL,John,Krupov,usz9VSO1QA
PerfUser022,User for perf,INTERNAL,John,Krupov,h9ksEtaHxq
PerfUser023,User for perf,INTERNAL,Pavel,Pavlov,BEQgW11gR1
PerfUser024,User for perf,INTERNAL,John,Krupov,m8Mbe3T3NH
PerfUser025,User for perf,INTERNAL,Pavel,Pavlov,6Dl0i1re2E
PerfUser026,User for perf,INTERNAL,John,Pavlov,o6xGQBXdim
PerfUser027,User for perf,INTERNAL,John,Pavlov,MjHeYNRW04
PerfUser028,User for perf,INTERNAL,John,Pavlov,7bQNo1o9k1
PerfUser029,User for perf,INTERNAL,Pavel,Krupov,tIrSsXipfA
PerfUser030,User for perf,INTERNAL,John,Krupov,QCFbFiRJmz
PerfUser031,User for perf,INTERNAL,John,Pavlov,ghKRctJHWi
PerfUser032,User for perf,INTERNAL,John,Pavlov,0KEwKc9Qqm
PerfUser033,User for perf,INTERNAL,John,Pavlov,heU6lhljLd
PerfUser034,User for perf,INTERNAL,Pavel,Pavlov,4dCBDgZpcT
PerfUser035,User for perf,INTERNAL,John,Krupov,2tNond6kZy
PerfUser036,User for perf,INTERNAL,John,Krupov,EwWLgn45Rw
PerfUser037,User for perf,INTERNAL,Pavel,Krupov,vOo4veFenf
PerfUser038,User for perf,INTERNAL,John,Krupov,fbD2l02BJ7
PerfUser039,User for perf,INTERNAL,John,Pavlov,4TjZZdO69B
PerfUser040,User for perf,INTERNAL,John,Pavlov,V2P6q8xQ7a
PerfUser041,User for perf,INTERNAL,John,Krupov,mURxlirNgr
PerfUser042,User for perf,INTERNAL,John,Krupov,t1Q7R5vIug
PerfUser043,User for perf,INTERNAL,John,Pavlov,xrEUOJMqYZ
PerfUser044,User for perf,INTERNAL,John,Krupov,5MPOZQLJyW
PerfUser045,User for perf,INTERNAL,Pavel,Pavlov,EkyKMq7OlL
PerfUser046,User for perf,INTERNAL,Pavel,Krupov,SdQ7Qof9YG
PerfUser047,User for perf,INTERNAL,Pavel,Pavlov,YJWbIVQogX
PerfUser048,User for perf,INTERNAL,John,Pavlov,SoBveGruzf
PerfUser049,User for perf,INTERNAL,John,Pavlov,dKiytsLyZC
PerfUser050,User for perf,INTERNAL,John,Pavlov,AwldeJJ2cD
PerfUser051,User for perf,INTERNAL,John,Pavlov,pOvxb960aq
PerfUser052,User for perf,INTERNAL,Pavel,Krupov,sjxuZWgUd5
PerfUser053,User for perf,INTERNAL,John,Krupov,Co3nHI1VU3
PerfUser054,User for perf,INTERNAL,John,Krupov,vnsD3jbNhg
PerfUser055,User for perf,INTERNAL,John,Krupov,xbjFFTNvoA
PerfUser056,User for perf,INTERNAL,Pavel,Pavlov,kvX77tzjPP
PerfUser057,User for perf,INTERNAL,John,Krupov,1RL1STKiTL
PerfUser058,User for perf,INTERNAL,John,Krupov,Vn9kzrJBUb
PerfUser059,User for perf,INTERNAL,John,Pavlov,JPy4lRXrOz
PerfUser060,User for perf,INTERNAL,Pavel,Krupov,l2ICA0Ftcy
PerfUser061,User for perf,INTERNAL,John,Pavlov,wPwSHPdGP8
PerfUser062,User for perf,INTERNAL,John,Pavlov,sUDQDiAAlA
PerfUser063,User for perf,INTERNAL,John,Pavlov,a69cbeXMfq
PerfUser064,User for perf,INTERNAL,Pavel,Pavlov,OKcXTkNHD2
PerfUser065,User for perf,INTERNAL,Pavel,Pavlov,UlyzSYT43Q
PerfUser066,User for perf,INTERNAL,Pavel,Pavlov,A5YPCVVf4B
PerfUser067,User for perf,INTERNAL,John,Pavlov,bXmtmWnH9w
PerfUser068,User for perf,INTERNAL,John,Pavlov,qOmfW574nt
PerfUser069,User for perf,INTERNAL,Pavel,Krupov,z0cHSQG6ZK
PerfUser070,User for perf,INTERNAL,John,Krupov,NlLguTvdlT
PerfUser071,User for perf,INTERNAL,John,Pavlov,XmJP9vJrya
PerfUser072,User for perf,INTERNAL,Pavel,Pavlov,BFarcTCzPa
PerfUser073,User for perf,INTERNAL,John,Pavlov,fCZqFPaMR0
PerfUser074,User for perf,INTERNAL,Pavel,Pavlov,srWZ7xYnVy
PerfUser075,User for perf,INTERNAL,Pavel,Pavlov,SVJ7HRTG7z
PerfUser076,User for perf,INTERNAL,John,Pavlov,7NQGFfDq5h
PerfUser077,User for perf,INTERNAL,John,Krupov,0hj7RtUP9L
PerfUser078,User for perf,INTERNAL,Pavel,Krupov,vcjF2WbYn5
PerfUser079,User for perf,INTERNAL,Pavel,Krupov,rFFeRuVb1O
PerfUser080,User for perf,INTERNAL,John,Pavlov,tbyutHiF0E
PerfUser081,User for perf,INTERNAL,Pavel,Krupov,OKjPCv7kml
PerfUser082,User for perf,INTERNAL,John,Pavlov,bEHffGNgse
PerfUser083,User for perf,INTERNAL,Pavel,Krupov,x7tnvK5zPZ
PerfUser084,User for perf,INTERNAL,John,Krupov,jDzdgqO7uU
PerfUser085,User for perf,INTERNAL,John,Krupov,IYdZ7UUaBm
PerfUser086,User for perf,INTERNAL,Pavel,Krupov,83R2url8XK
PerfUser087,User for perf,INTERNAL,Pavel,Krupov,UhWvb9b93W
PerfUser088,User for perf,INTERNAL,John,Pavlov,L2rJ6nopmu
PerfUser089,User for perf,INTERNAL,John,Krupov,Oc6YmftChr
PerfUser090,User for perf,INTERNAL,Pavel,Krupov,X7xS2CJBqm
PerfUser091,User for perf,INTERNAL,Pavel,Krupov,YBE4am31Jr
PerfUser092,User for perf,INTERNAL,John,Krupov,fNDlbpZRLO
PerfUser093,User for perf,INTERNAL,John,Pavlov,FgT3yhE3MQ
PerfUser094,User for perf,INTERNAL,Pavel,Pavlov,BM32h5G5rE
PerfUser095,User for perf,INTERNAL,Pavel,Pavlov,aedm9PruY2
PerfUser096,User for perf,INTERNAL,Pavel,Krupov,2a97BqnFWQ
PerfUser097,User for perf,INTERNAL,Pavel,Krupov,Biy86I9qvV
PerfUser098,User for perf,INTERNAL,John,Krupov,kSrkQ3nH0U
PerfUser099,User for perf,INTERNAL,Pavel,Krupov,KZRaBvwsft
PerfUser100,User for perf,INTERNAL,John,Pavlov,d73iPDYS1k
PerfUser101,User for perf,INTERNAL,Pavel,Pavlov,NcDiuCw5Ld
PerfUser102,User for perf,INTERNAL,John,Krupov,v6Y5dFAXQD
PerfUser103,User for perf,INTERNAL,John,Krupov,Ba5UAsXT34
PerfUser104,User for perf,INTERNAL,Pavel,Krupov,GQBGZEkyQW
PerfUser105,User for perf,INTERNAL,Pavel,Krupov,acYb06EMoJ
PerfUser106,User for perf,INTERNAL,Pavel,Krupov,16EgvnhRaU
PerfUser107,User for perf,INTERNAL,Pavel,Pavlov,MHgEMZLdoQ
PerfUser108,User for perf,INTERNAL,Pavel,Krupov,i9qr2nKbBV
PerfUser109,User for perf,INTERNAL,John,Krupov,iwqLd3o306
PerfUser110,User for perf,INTERNAL,Pavel,Pavlov,YRJ4uy7GKl
PerfUser111,User for perf,INTERNAL,John,Pavlov,9Om3isdrAI
PerfUser112,User for perf,INTERNAL,John,Pavlov,9yWWGfnRrR
PerfUser113,User for perf,INTERNAL,Pavel,Pavlov,Eumhonz9Sq
PerfUser114,User for perf,INTERNAL,John,Krupov,Aos4N2eYcl
PerfUser115,User for perf,INTERNAL,Pavel,Pavlov,CSo48oqu9o
PerfUser116,User for perf,INTERNAL,John,Krupov,h2IQPFv9mY
PerfUser117,User for perf,INTERNAL,Pavel,Pavlov,wJgSyz4jJC
PerfUser118,User for perf,INTERNAL,Pavel,Pavlov,mEoUzfJ0fP
PerfUser119,User for perf,INTERNAL,John,Pavlov,JO3LKUzwv9
PerfUser120,User for perf,INTERNAL,John,Pavlov,mAS6ZjPrkD
PerfUser121,User for perf,INTERNAL,Pavel,Krupov,eY8la1GDuy
PerfUser122,User for perf,INTERNAL,John,Pavlov,QMkYBlCCMe
PerfUser123,User for perf,INTERNAL,John,Pavlov,XjBcYZcuL1
PerfUser124,User for perf,INTERNAL,Pavel,Krupov,CejJGLn6FT
PerfUser125,User for perf,INTERNAL,John,Krupov,zcHDyOCeFc
PerfUser126,User for perf,INTERNAL,Pavel,Pavlov,79K9u4tGSc
PerfUser127,User for perf,INTERNAL,John,Krupov,oDbeuadige
PerfUser128,User for perf,INTERNAL,Pavel,Pavlov,PjWoKXDVIb
PerfUser129,User for perf,INTERNAL,John,Krupov,jCDVInKccS
PerfUser130,User for perf,INTERNAL,Pavel,Krupov,2dMO0VpVJj
PerfUser131,User for perf,INTERNAL,Pavel,Krupov,x2bY7V521w
PerfUser132,User for perf,INTERNAL,Pavel,Krupov,XEt5gloVTm
PerfUser133,User for perf,INTERNAL,Pavel,Krupov,E8HHtqZIfd
PerfUser134,User for perf,INTERNAL,John,Pavlov,NELEpHpoUY
PerfUser135,User for perf,INTERNAL,John,Pavlov,jexKWK2vyl
PerfUser136,User for perf,INTERNAL,Pavel,Krupov,Jeq7NPeEmJ
PerfUser137,User for perf,INTERNAL,John,Krupov,gtPBLfrf9H
PerfUser138,User for perf,INTERNAL,John,Pavlov,jrwKtbNnHh
PerfUser139,User for perf,INTERNAL,John,Pavlov,tAgFCvTQSC
PerfUser140,User for perf,INTERNAL,John,Pavlov,h14EGWCmTM
PerfUser141,User for perf,INTERNAL,Pavel,Pavlov,cx72KKubLg
PerfUser142,User for perf,INTERNAL,Pavel,Pavlov,ew8oRkGUcB
PerfUser143,User for perf,INTERNAL,John,Krupov,Bad70Y1mRA
PerfUser144,User for perf,INTERNAL,Pavel,Pavlov,WXXLYKwUgV
PerfUser145,User for perf,INTERNAL,John,Pavlov,Tc18jqhCEH
PerfUser146,User for perf,INTERNAL,John,Krupov,LQ0zST4E8y
PerfUser147,User for perf,INTERNAL,Pavel,Krupov,BlEyKq890Q
PerfUser148,User for perf,INTERNAL,John,Krupov,6boSYwTyzE
PerfUser149,User for perf,INTERNAL,Pavel,Krupov,lipy8Z3JvG
PerfUser150,User for perf,INTERNAL,Pavel,Pavlov,zCBELKwCqX
PerfUser151,User for perf,INTERNAL,John,Pavlov,9ed0ewsUNc
PerfUser152,User for perf,INTERNAL,John,Krupov,nBhsmw91U8
PerfUser153,User for perf,INTERNAL,Pavel,Krupov,9kzEMHxkn8
PerfUser154,User for perf,INTERNAL,Pavel,Pavlov,BzxZKtKEUW
PerfUser155,User for perf,INTERNAL,John,Krupov,HY5JUCC61W
PerfUser156,User for perf,INTERNAL,John,Krupov,7b9rv9x19a
PerfUser157,User for perf,INTERNAL,Pavel,Pavlov,QGyEnfCQgl
PerfUser158,User for perf,INTERNAL,Pavel,Krupov,JoUeUg3ckK
PerfUser159,User for perf,INTERNAL,John,Krupov,JeaR1ICKuL
PerfUser160,User for perf,INTERNAL,Pavel,Pavlov,A43sqSU064
PerfUser161,User for perf,INTERNAL,Pavel,Pavlov,91JKZ2L6Ed
PerfUser162,User for perf,INTERNAL,Pavel,Pavlov,kVEHKR8vMZ
PerfUser163,User for perf,INTERNAL,John,Pavlov,VjCO6f58pP
PerfUser164,User for perf,INTERNAL,Pavel,Pavlov,4oPn9m72qe
PerfUser165,User for perf,INTERNAL,John,Krupov,rOOEVq6Zdl
PerfUser166,User for perf,INTERNAL,John,Pavlov,CjVsuO5UJj
PerfUser167,User for perf,INTERNAL,John,Pavlov,RfcBLfIADV
PerfUser168,User for perf,INTERNAL,John,Krupov,blMkHWl42W
PerfUser169,User for perf,INTERNAL,John,Krupov,Bss0jhWoEG
PerfUser170,User for perf,INTERNAL,John,Krupov,ERdmTp7bvW
PerfUser171,User for perf,INTERNAL,Pavel,Pavlov,VoBMftjhFR
PerfUser172,User for perf,INTERNAL,John,Krupov,KV4FEOtYGP
PerfUser173,User for perf,INTERNAL,Pavel,Pavlov,H9rOGhQIOK
PerfUser174,User for perf,INTERNAL,John,Krupov,BvId1Jrfvp
PerfUser175,User for perf,INTERNAL,Pavel,Pavlov,8eeZxBsg1L
PerfUser176,User for perf,INTERNAL,John,Pavlov,GTbDY4HXCg
PerfUser177,User for perf,INTERNAL,John,Pavlov,ghYGFftfEJ
PerfUser178,User for perf,INTERNAL,Pavel,Pavlov,xvSei0ZNiJ
PerfUser179,User for perf,INTERNAL,Pavel,Krupov,WuWfjDbtue
PerfUser180,User for perf,INTERNAL,Pavel,Pavlov,AHhR6Bqo7T
PerfUser181,User for perf,INTERNAL,Pavel,Pavlov,pB4pBdjnGN
PerfUser182,User for perf,INTERNAL,John,Krupov,Fw4YrxGRt0
PerfUser183,User for perf,INTERNAL,Pavel,Krupov,YjZKbMeS8n
PerfUser184,User for perf,INTERNAL,Pavel,Krupov,KLHMREPtE2
PerfUser185,User for perf,INTERNAL,John,Pavlov,G4UYesGn5Y
PerfUser186,User for perf,INTERNAL,John,Krupov,CUEFwx2YiB
PerfUser187,User for perf,INTERNAL,Pavel,Pavlov,1GR1vur8St
PerfUser188,User for perf,INTERNAL,John,Pavlov,8PFTVY7HDj
PerfUser189,User for perf,INTERNAL,John,Pavlov,YIGyRuPCNg
PerfUser190,User for perf,INTERNAL,Pavel,Krupov,bHLCjWQble
PerfUser191,User for perf,INTERNAL,John,Pavlov,D4kffnN0hk
PerfUser192,User for perf,INTERNAL,John,Krupov,qekvVHtXGe
PerfUser193,User for perf,INTERNAL,John,Krupov,qc6hrQwFPc
PerfUser194,User for perf,INTERNAL,Pavel,Pavlov,pg4ep6NXj4
PerfUser195,User for perf,INTERNAL,John,Pavlov,mtH3K8otje
PerfUser196,User for perf,INTERNAL,John,Krupov,Gj5L1dMtdU
PerfUser197,User for perf,INTERNAL,John,Pavlov,bFyEYITl3M
PerfUser198,User for perf,INTERNAL,John,Krupov,HC0xbpuLX8
PerfUser199,User for perf,INTERNAL,John,Krupov,auw4Tbr5IQ
PerfUser200,User for perf,INTERNAL,Pavel,Krupov,8DqGZFYWdL
PerfUser201,User for perf,INTERNAL,Pavel,Pavlov,PzbpLs8N4f
PerfUser202,User for perf,INTERNAL,Pavel,Krupov,VW3Ql8t4hJ
PerfUser203,User for perf,INTERNAL,John,Pavlov,Id4yRt2Ixc
PerfUser204,User for perf,INTERNAL,John,Pavlov,22MpYNsKRw
PerfUser205,User for perf,INTERNAL,John,Pavlov,VzFiGvfapI
PerfUser206,User for perf,INTERNAL,Pavel,Krupov,UoyUdZBRTT
PerfUser207,User for perf,INTERNAL,Pavel,Krupov,hFxkcc3H34
PerfUser208,User for perf,INTERNAL,John,Pavlov,hRp3Zk7Zu8
PerfUser209,User for perf,INTERNAL,Pavel,Pavlov,8c9T0l5TXg
PerfUser210,User for perf,INTERNAL,Pavel,Pavlov,pR2qDVm1hA
PerfUser211,User for perf,INTERNAL,Pavel,Krupov,Hhh0ghYwMU
PerfUser212,User for perf,INTERNAL,Pavel,Krupov,J7MCCUqL2P
PerfUser213,User for perf,INTERNAL,John,Krupov,Lbb1UI1aZS
PerfUser214,User for perf,INTERNAL,Pavel,Pavlov,vk8FDcKWZh
PerfUser215,User for perf,INTERNAL,John,Pavlov,wkJaafKl8D
PerfUser216,User for perf,INTERNAL,John,Krupov,fCSlv0kS6a
PerfUser217,User for perf,INTERNAL,John,Krupov,E3Do04nvd2
PerfUser218,User for perf,INTERNAL,Pavel,Pavlov,so1ZLlpAAu
PerfUser219,User for perf,INTERNAL,John,Pavlov,5C6dbg47rs
PerfUser220,User for perf,INTERNAL,John,Pavlov,AkNGIw98Tt
PerfUser221,User for perf,INTERNAL,John,Pavlov,9TwCJiSpnS
PerfUser222,User for perf,INTERNAL,Pavel,Krupov,GnOmzpFISs
PerfUser223,User for perf,INTERNAL,Pavel,Pavlov,dBEeCOF8SE
PerfUser224,User for perf,INTERNAL,John,Krupov,4fGkce2pol
PerfUser225,User for perf,INTERNAL,Pavel,Pavlov,u17SPAhq4y
PerfUser226,User for perf,INTERNAL,John,Pavlov,hbMsV8AE9U
PerfUser227,User for perf,INTERNAL,Pavel,Krupov,BRjrMSoJrr
PerfUser228,User for perf,INTERNAL,Pavel,Pavlov,f0Vwlbj0qm
PerfUser229,User for perf,INTERNAL,Pavel,Pavlov,gS0nLgfQy2
PerfUser230,User for perf,INTERNAL,Pavel,Pavlov,lifFNdErmT
PerfUser231,User for perf,INTERNAL,Pavel,Pavlov,FMGQsLgLJl
PerfUser232,User for perf,INTERNAL,Pavel,Krupov,2KHPRWP88k
PerfUser233,User for perf,INTERNAL,Pavel,Pavlov,HRs5HLw2Kb
PerfUser234,User for perf,INTERNAL,John,Krupov,eqtUs8eGf3
PerfUser235,User for perf,INTERNAL,Pavel,Krupov,VNWmz8kv7n
PerfUser236,User for perf,INTERNAL,John,Pavlov,vTOoZ7Xkzg
PerfUser237,User for perf,INTERNAL,Pavel,Pavlov,vxK3RuJMx9
PerfUser238,User for perf,INTERNAL,Pavel,Krupov,Sb0Md3QUDe
PerfUser239,User for perf,INTERNAL,John,Pavlov,XMFW8YbpJh
PerfUser240,User for perf,INTERNAL,Pavel,Pavlov,iaFZ6QvgN4
PerfUser241,User for perf,INTERNAL,John,Krupov,ocHuivjZ5l
PerfUser242,User for perf,INTERNAL,Pavel,Pavlov,rHyR0Gfgrh
PerfUser243,User for perf,INTERNAL,John,Pavlov,pugLfHHOti
PerfUser244,User for perf,INTERNAL,Pavel,Krupov,vcLBUBaZEP
PerfUser245,User for perf,INTERNAL,John,Pavlov,qsqfUGhnDP
PerfUser246,User for perf,INTERNAL,Pavel,Pavlov,r4Xta5SEVh
PerfUser247,User for perf,INTERNAL,Pavel,Krupov,IZ5bdQsTne
PerfUser248,User for perf,INTERNAL,John,Krupov,v9KcXztU6j
PerfUser249,User for perf,INTERNAL,John,Pavlov,c8qhg9TtJD
PerfUser250,User for perf,INTERNAL,John,Krupov,jzmOXqeFP4
PerfUser251,User for perf,INTERNAL,Pavel,Krupov,wXsKn5AYrz
PerfUser252,User for perf,INTERNAL,John,Krupov,P5WelTPNHA
PerfUser253,User for perf,INTERNAL,John,Pavlov,AyDBWk3FOq
PerfUser254,User for perf,INTERNAL,John,Pavlov,xZlNzilgHD
PerfUser255,User for perf,INTERNAL,John,Pavlov,FojDRCjN9t
PerfUser256,User for perf,INTERNAL,Pavel,Pavlov,O90CtvSN2Z
PerfUser257,User for perf,INTERNAL,Pavel,Krupov,h4VC8tfxgC
PerfUser258,User for perf,INTERNAL,John,Pavlov,SqAChNOzXp
PerfUser259,User for perf,INTERNAL,Pavel,Krupov,L8n8PgoF5b
PerfUser260,User for perf,INTERNAL,John,Krupov,EjtFHrHdY8
PerfUser261,User for perf,INTERNAL,Pavel,Pavlov,xa6MqxoCwg
PerfUser262,User for perf,INTERNAL,John,Krupov,lLXEWFyL51
PerfUser263,User for perf,INTERNAL,Pavel,Krupov,kp7zRmqBlp
PerfUser264,User for perf,INTERNAL,Pavel,Krupov,U4LF3UdPWt
PerfUser265,User for perf,INTERNAL,John,Krupov,LPC6YwyQVw
PerfUser266,User for perf,INTERNAL,John,Pavlov,22IBTI8kai
PerfUser267,User for perf,INTERNAL,Pavel,Krupov,1VbyjvWfjV
PerfUser268,User for perf,INTERNAL,John,Krupov,paDbnsOTW4
PerfUser269,User for perf,INTERNAL,John,Krupov,YqoVmVOnpE
PerfUser270,User for perf,INTERNAL,Pavel,Pavlov,OJRjGX1ZBU
PerfUser271,User for perf,INTERNAL,Pavel,Krupov,bkdKiSOm6N
PerfUser272,User for perf,INTERNAL,John,Pavlov,TlW6O6PIC8
PerfUser273,User for perf,INTERNAL,Pavel,Krupov,DKHi4TWHQh
PerfUser274,User for perf,INTERNAL,Pavel,Pavlov,hOBWbo7yp1
PerfUser275,User for perf,INTERNAL,Pavel,Pavlov,u9NMSUPvx9
PerfUser276,User for perf,INTERNAL,John,Pavlov,LdqyhIAeac
PerfUser277,User for perf,INTERNAL,John,Krupov,tprrei5Aca
PerfUser278,User for perf,INTERNAL,Pavel,Krupov,V8KiYmJBzI
PerfUser279,User for perf,INTERNAL,Pavel,Pavlov,1HqZxYNKLY
PerfUser280,User for perf,INTERNAL,Pavel,Krupov,KvG65YtoVG
PerfUser281,User for perf,INTERNAL,Pavel,Pavlov,RGIzIZJfEE
PerfUser282,User for perf,INTERNAL,Pavel,Krupov,b1rF5IpaS9
PerfUser283,User for perf,INTERNAL,Pavel,Pavlov,n9zIIEFbDH
PerfUser284,User for perf,INTERNAL,John,Pavlov,BRks3RO6k1
PerfUser285,User for perf,INTERNAL,John,Krupov,1AbcllREq6
PerfUser286,User for perf,INTERNAL,John,Pavlov,cny439htQe
PerfUser287,User for perf,INTERNAL,Pavel,Krupov,rYkfQa2fhD
PerfUser288,User for perf,INTERNAL,Pavel,Pavlov,7kHwu8SBrv
PerfUser289,User for perf,INTERNAL,Pavel,Krupov,oHAfwdtmZQ
PerfUser290,User for perf,INTERNAL,John,Pavlov,2DZwJPJ5LP
PerfUser291,User for perf,INTERNAL,Pavel,Krupov,SOq50YVVby
PerfUser292,User for perf,INTERNAL,Pavel,Krupov,qykeQZRYU3
PerfUser293,User for perf,INTERNAL,Pavel,Pavlov,6crp34AMT8
PerfUser294,User for perf,INTERNAL,John,Krupov,jTXACDDDvl
PerfUser295,User for perf,INTERNAL,John,Krupov,n5PMDdGhM6
PerfUser296,User for perf,INTERNAL,Pavel,Pavlov,YA5RmgGye9
PerfUser297,User for perf,INTERNAL,Pavel,Krupov,XmWrflpXsn
PerfUser298,User for perf,INTERNAL,Pavel,Krupov,k6MK1rbbyc
PerfUser299,User for perf,INTERNAL,Pavel,Pavlov,hXhPlc6vS5
PerfUser300,User for perf,INTERNAL,Pavel,Pavlov,PDel2nJyJj
